{
    "c10": {
        "1": [
            [
                0.14,
                0.13,
                0.19
            ],
            [
                0.18,
                0.16,
                0.18
            ]
        ],
        "10": [
            [
                0.571,
                0.393,
                0.429
            ],
            [
                0.571,
                0.393,
                0.429
            ]
        ],
        "100": [
            [
                0.8409,
                0.6663,
                0.6567
            ],
            [
                0.847,
                0.6644,
                0.6484
            ],
            [
                0.8389,
                0.6631,
                0.6515
            ]
        ],
        "15": [
            [
                0.6513,
                0.4593,
                0.4813
            ],
            [
                0.6400000003178914,
                0.4726666669845581,
                0.48666666547457377
            ]
        ],
        "20": [
            [
                0.677,
                0.518,
                0.5115
            ],
            [
                0.6875,
                0.5315,
                0.529
            ],
            [
                0.707,
                0.5225,
                0.508
            ],
            [
                0.708,
                0.5325,
                0.519
            ]
        ],
        "30": [
            [
                0.7453,
                0.5503,
                0.5543
            ],
            [
                0.7453,
                0.5503,
                0.5543
            ],
            [
                0.7359999969800314,
                0.5709999998410543,
                0.557666665871938
            ]
        ],
        "40": [
            [
                0.77,
                0.5875,
                0.5953
            ],
            [
                0.7655,
                0.5905,
                0.5898
            ],
            [
                0.777,
                0.5983,
                0.5875
            ],
            [
                0.7758,
                0.59,
                0.5892
            ]
        ],
        "5": [
            [
                0.46,
                0.366,
                0.332
            ],
            [
                0.46,
                0.366,
                0.332
            ]
        ],
        "50": [
            [
                0.7966,
                0.6112,
                0.6052
            ],
            [
                0.796,
                0.6132,
                0.615
            ],
            [
                0.7914,
                0.6194000003814697,
                0.6011999995231628
            ]
        ],
        "60": [
            [
                0.7987,
                0.6312,
                0.6165
            ],
            [
                0.7978,
                0.6275,
                0.6068
            ],
            [
                0.7985,
                0.6273,
                0.6145
            ],
            [
                0.8023,
                0.6272,
                0.6127
            ]
        ],
        "70": [
            [
                0.816,
                0.6441,
                0.6233
            ],
            [
                0.8159,
                0.6416,
                0.63
            ],
            [
                0.8107142853736877,
                0.6388571435383388,
                0.6261428574834551
            ]
        ],
        "80": [
            [
                0.8244,
                0.6466,
                0.6331
            ],
            [
                0.8244,
                0.6466,
                0.6331
            ],
            [
                0.824625,
                0.648875,
                0.638625
            ]
        ],
        "90": [
            [
                0.8326,
                0.6566,
                0.6497
            ],
            [
                0.8367,
                0.6612,
                0.6474
            ],
            [
                0.8338888887829251,
                0.659888888835907,
                0.6447777777777778
            ]
        ]
    },
    "c100": {
        "1": [
            [
                0.03,
                0.03,
                0.03
            ],
            [
                0.03999999910593033,
                0.04999999701976776,
                0.03999999910593033
            ],
            [
                0.019999999552965164,
                0.03999999910593033,
                0.029999999329447746
            ],
            [
                0.03999999910593033,
                0.019999999552965164,
                0.029999999329447746
            ]
        ],
        "10": [
            [
                0.146,
                0.11,
                0.113
            ],
            [
                0.15400000190734864,
                0.10799999958276749,
                0.1220000011920929
            ]
        ],
        "100": [
            [
                0.4955,
                0.3246,
                0.3375
            ],
            [
                0.5019,
                0.3371,
                0.3375
            ],
            [
                0.5062,
                0.3347,
                0.3381
            ],
            [
                0.5023,
                0.3281,
                0.3333
            ]
        ],
        "15": [
            [
                0.1773,
                0.148,
                0.1353
            ],
            [
                0.20133333150545757,
                0.1379999986886978,
                0.14600000087420145
            ]
        ],
        "20": [
            [
                0.251,
                0.1575,
                0.1685
            ],
            [
                0.2665,
                0.184,
                0.168
            ],
            [
                0.242,
                0.172,
                0.1615
            ],
            [
                0.2465,
                0.1585,
                0.1745
            ]
        ],
        "30": [
            [
                0.311,
                0.1847,
                0.2107
            ]
        ],
        "40": [
            [
                0.3557,
                0.229,
                0.242
            ],
            [
                0.362,
                0.2327,
                0.237
            ],
            [
                0.3595,
                0.2322,
                0.238
            ],
            [
                0.3595,
                0.2348,
                0.2365
            ],
            [
                0.3593,
                0.242,
                0.2407
            ]
        ],
        "5": [
            [
                0.07,
                0.078,
                0.098
            ]
        ],
        "50": [
            [
                0.402,
                0.2544,
                0.2652
            ]
        ],
        "60": [
            [
                0.4287,
                0.2778,
                0.279
            ],
            [
                0.4203,
                0.2608,
                0.2757
            ],
            [
                0.4268,
                0.2685,
                0.2833
            ]
        ],
        "70": [
            [
                0.454,
                0.2983,
                0.292
            ]
        ],
        "80": [
            [
                0.4669,
                0.2979,
                0.315
            ],
            [
                0.467625,
                0.31475,
                0.313375
            ],
            [
                0.468375,
                0.30625,
                0.31875
            ],
            [
                0.472125,
                0.312,
                0.307875
            ]
        ],