{
    "c10": {
        "1": [
            [
                0.37,
                0.36,
                0.37
            ],
            [
                0.4,
                0.37,
                0.35
            ]
        ],
        "10": [
            [
                0.543,
                0.485,
                0.455
            ],
            [
                0.58,
                0.472,
                0.461
            ]
        ],
        "100": [
            [
                0.7866,
                0.6167,
                0.6157
            ],
            [
                0.7865,
                0.6222,
                0.6101
            ],
            [
                0.7825,
                0.6194,
                0.6135
            ]
        ],
        "15": [
            [
                0.6107,
                0.5013,
                0.5033
            ],
            [
                0.6026666671435038,
                0.4959999998410543,
                0.49266666690508526
            ]
        ],
        "20": [
            [
                0.66,
                0.525,
                0.5175
            ],
            [
                0.6575,
                0.4985,
                0.5035
            ],
            [
                0.6635,
                0.5245,
                0.512
            ]
        ],
        "30": [
            [
                0.7017,
                0.541,
                0.5307
            ],
            [
                0.7007,
                0.5497,
                0.549
            ]
        ],
        "40": [
            [
                0.7202,
                0.5705,
                0.5655
            ],
            [
                0.7265,
                0.5647,
                0.5637
            ],
            [
                0.721,
                0.563,
                0.5723
            ]
        ],
        "5": [
            [
                0.5,
                0.448,
                0.442
            ],
            [
                0.488,
                0.44,
                0.404
            ]
        ],
        "50": [
            [
                0.7352,
                0.581,
                0.5868
            ],
            [
                0.7424,
                0.5694,
                0.5744
            ]
        ],
        "60": [
            [
                0.7422,
                0.585,
                0.5843
            ],
            [
                0.7462,
                0.5952,
                0.5853
            ],
            [
                0.7462,
                0.5888,
                0.5845
            ]
        ],
        "70": [
            [
                0.7643,
                0.596,
                0.5979
            ],
            [
                0.759,
                0.6046,
                0.5917
            ]
        ],
        "80": [
            [
                0.7706,
                0.6101,
                0.5999
            ],
            [
                0.7722,
                0.6066,
                0.5994
            ],
            [
                0.766375,
                0.6105,
                0.601625
            ]
        ],
        "90": [
            [
                0.7796,
                0.6134,
                0.602
            ],
            [
                0.7763,
                0.6126,
                0.607
            ]
        ]
    },
    "c100": {
        "1": [
            [
                0.07,
                0.09,
                0.1
            ],
            [
                0.06,
                0.09,
                0.08
            ],
            [
                0.06,
                0.09,
                0.09
            ]
        ],
        "10": [
            [
                0.161,
                0.124,
                0.122
            ],
            [
                0.154,
                0.138,
                0.124
            ],
            [
                0.144,
                0.134,
                0.122
            ]
        ],
        "100": [
            [
                0.4067,
                0.292,
                0.2965
            ],
            [
                0.4197,
                0.2966,
                0.2999
            ],
            [
                0.403,
                0.2898,
                0.2913
            ],
            [
                0.406,
                0.285,
                0.2901
            ],
            [
                0.4061,
                0.2922,
                0.2945
            ],
            [
                0.4061,
                0.2922,
                0.2945
            ],
            [
                0.4049,
                0.289,
                0.2849
            ],
            [
                0.4195,
                0.2917,
                0.2919
            ]
        ],
        "15": [
            [
                0.1827,
                0.1473,
                0.142
            ],
            [
                0.1846666669845581,
                0.15600000011920928,
                0.14666666672627132
            ]
        ],
        "20": [
            [
                0.21,
                0.1755,
                0.152
            ],
            [
                0.2265,
                0.1615,
                0.1605
            ],
            [
                0.2287,
                0.1297,
                0.15
            ]
        ],
        "30": [
            [
                0.2647,
                0.1947,
                0.1857
            ],
            [
                0.2603,
                0.1923,
                0.1977
            ],
            [
                0.2547,
                0.191,
                0.1887
            ]
        ],
        "40": [
            [
                0.2935,
                0.2125,
                0.2182
            ],
            [
                0.2955,
                0.216,
                0.2028
            ],
            [
                0.292,
                0.2112,
                0.219
            ],
            [
                0.2893,
                0.2177,
                0.219
            ],
            [
                0.2975,
                0.21275,
                0.2205
            ]
        ],
        "5": [
            [
                0.108,
                0.114,
                0.09
            ],
            [
                0.114,
                0.098,
                0.116
            ],
            [
                0.102,
                0.104,
                0.104
            ]
        ],
        "50": [
            [
                0.3254,
                0.2326,
                0.2308
            ],
            [
                0.325,
                0.2258,
                0.2312
            ],
            [
                0.3274,
                0.2326,
                0.2298
            ],
            [
                0.3202,
                0.2224,
                0.2236
            ],
            [
                0.3196,
                0.2306,
                0.2306
            ]
        ],
        "60": [
            [
                0.3343,
                0.2438,
                0.2468
            ],
            [
                0.344,
                0.2378,
                0.2432
            ],
            [
                0.3341,
                0.248,
                0.2416
            ],
            [
                0.3445,
                0.238,
                0.2406
            ],
            [
                0.3486,
                0.2448,
                0.2491
            ]
        ],